name,url,type
Terence Tao,https://www.math.ucla.edu/~tao/,institutional
Trevor D. Wooley,https://www.math.purdue.edu/people/profile/twooley.html,institutional
Igor E. Shparlinski,https://web.maths.unsw.edu.au/~igorshparlinski/,personal
Kaisa Matomäki,https://users.utu.fi/ksmato/,personal
William D. Banks,https://math.missouri.edu/people/faculty/banks,institutional
Joni Teräväinen,https://sites.google.com/view/joniteravainen/,personal
James Maynard,https://www.maths.ox.ac.uk/people/james.maynard,institutional
Andrew Granville,https://dms.umontreal.ca/~andrew/,personal
Xuancheng Shao,https://math.as.uky.edu/users/xsh228,institutional
Janos Pintz,https://users.renyi.hu/~pintz/,personal
Ben Green,https://people.maths.ox.ac.uk/greenbj/,personal
D. A. Goldston,https://www.sjsu.edu/people/daniel.goldston/,institutional
Tim Browning,https://tdbrowning.github.io/tdb/,personal
Carl Pomerance,https://math.dartmouth.edu/~carlp/,personal
Alessandro Languasco,https://www.dei.unipd.it/~languasco/,personal
Chantal David,https://www.concordia.ca/faculty/chantal-david.html,institutional
D. R. Heath-Brown,https://www.maths.ox.ac.uk/people/roger.heath-brown,institutional
Alexandru Zaharescu,https://faculty.math.illinois.edu/~zaharesc/,personal
Roger Baker,https://math.byu.edu/directory/baker-roger,institutional
Olivier Ramaré,https://ramare-olivier.github.io/,personal
Doychin Tolev,https://www.fmi.uni-sofia.bg/en/faculty/doychin-ivanov-tolev,institutional
Paul Pollack,https://pollack.uga.edu/,personal
Alessandro Zaccagnini,https://people.dmi.unipr.it/alessandro.zaccagnini/,personal
Florian Luca,https://florianluca.com/,personal
Gautami Bhowmik,https://pro.univ-lille.fr/gautami-bhowmik,institutional
Emmanuel Kowalski,https://blogs.ethz.ch/kowalski/,personal
Angel Kumchev,https://wp.towson.edu/akumchev/,personal
Steven J. Miller,https://web.williams.edu/Mathematics/sjmiller/public_html/,personal
Jared Duker Lichtman,https://mathematics.stanford.edu/people/jared-duker-lichtman,institutional
Will Sawin,https://williamsawin.com/,personal
Henryk Iwaniec,https://math.rutgers.edu/people/department-directory/detail/344-department-directory/1759-iwaniec-henryk,institutional
Greg Martin,https://personal.math.ubc.ca/~gerg/,personal
H. A. Helfgott,https://webusers.imj-prg.fr/~harald.helfgott/anglais/,personal
Stephan Baier,https://maths.rkmvu.ac.in/faculty/,institutional
K. Soundararajan,https://math.stanford.edu/~ksound/,personal
Stephan Ramon Garcia,https://stephangarcia.sites.pomona.edu/,personal
Ping Xi,https://pingxicn.wordpress.com/,personal
Alex Kontorovich,https://sites.math.rutgers.edu/~alexk/,personal
Étienne Fouvry,https://www.imo.universite-paris-saclay.fr/~etienne.fouvry/,personal
Karin Halupczok,https://www.math.uni-duesseldorf.de/~khalupczok/,personal
Helmut Maier,https://www.uni-ulm.de/en/mawi/algzt/mitarbeiter/seniorprofessor-dr-helmut-maier/,institutional
Ph. Michel,https://people.epfl.ch/philippe.michel,institutional
John Friedlander,https://www.math.toronto.edu/cms/people/faculty/friedlander-john/,institutional
Victor Z. Guo,https://gr.xjtu.edu.cn/en/web/guozyv,institutional
Tianxin Cai,https://person.zju.edu.cn/en/0087335,institutional
Jörg Brüdern,https://publications.goettingen-research-online.de/cris/rp/rp00088,institutional
Julia Brandes,https://www.math.chalmers.se/~brjulia/,personal
Robert J. Lemke Oliver,https://math.tufts.edu/people/faculty/robert-lemke-oliver,institutional
Liangyi Zhao,https://web.maths.unsw.edu.au/~leezhao/,personal
Tsz Ho Chan,https://umwa.memphis.edu/fcv/viewcv.php?personUUID=tchan,institutional
Jianya Liu,http://www.prime.sdu.edu.cn/info/1023/1151.htm,institutional
Nicolas Robles,https://www.nicolasrobles.com/,personal
Zhi-Wei Sun,http://maths.nju.edu.cn/~zwsun/,personal
Maksym Radziwiłł,https://maksym-radziwill.github.io/,personal
Alexander P. Mangerel,https://www.durham.ac.uk/staff/alexander-mangerel/,institutional
Pieter Moree,https://people.mpim-bonn.mpg.de/moree/,personal
Lior Bary-Soroker,http://www.math.tau.ac.il/~barylior/,personal
Glyn Harman,https://pure.royalholloway.ac.uk/en/persons/glyn-harman,institutional
Theresa C. Anderson,https://faculty.math.cmu.edu/anderson/,personal
Richard P. Brent,https://maths-people.anu.edu.au/~brent/,personal
R. C. Vaughan,https://personal.science.psu.edu/rcv4/,personal
Alberto Perelli,https://fermat.dima.unige.it/didattica/matematica/new/index.php/component/anagrafica/docenti/30/PerelliAlberto.html,institutional
J. P. Keating,https://www.maths.ox.ac.uk/people/jon.keating,institutional
Antal Balog,https://users.renyi.hu/~balog/,personal
Koichi Kawada,https://univdb.iwate-u.ac.jp/html/333_en.html,institutional
Efthymios Sofos,https://sites.google.com/view/efsofos/,personal
Shuntaro Yamagishi,https://sites.google.com/view/syamagishi/,personal
M. Ram Murty,https://mast.queensu.ca/~murty/,personal
H. J. Weber,https://www.phys.virginia.edu/People/personal.asp?UID=hw,institutional
Ade Irma Suriajaya,https://sites.google.com/site/adeirmasuriajaya/,personal
Lasse Grimmelt,https://sites.google.com/view/lasse-grimmelt/,personal
C. Y. Yıldırım,https://math.bogazici.edu.tr/en/cem-yalcin-yildirim,institutional
Joël Rivat,https://www.i2m.univ-amu.fr/perso/joel.rivat/,institutional
Amos Nevo,https://math.technion.ac.il/en/tg_members/nevo-amos/,institutional
Hugh L. Montgomery,https://lsa.umich.edu/math/people/emeritus-faculty/hlm.html,institutional
Michael Th. Rassias,https://www.mthrassias.site/,personal
Ofir Gorodetsky,https://ofir-gorodetsky.github.io/,personal
Peter Sarnak,https://www.math.princeton.edu/people/peter-sarnak,institutional
Kevin Hughes,https://sites.google.com/site/khughesmath/,personal
Damaris Schindler,https://sites.google.com/site/damarishomepage/,personal
Christian Elsholtz,https://www.math.tugraz.at/~elsholtz/,institutional
Tao Zhan,http://www.prime.sdu.edu.cn/info/1023/1152.htm,institutional
Vivian Kuperberg,https://vkuperberg.math.ethz.ch/,institutional
Hiroshi Mikawa,https://forest-of-scholars.sec.tsukuba.ac.jp/unit-members?kid=10219602,institutional
Bryce Kerr,https://www.unsw.edu.au/staff/bryce-kerr,institutional
Valentin Blomer,https://www.math.uni-bonn.de/people/blomer/,institutional
Guangshi Lü,https://faculty.sdu.edu.cn/lvguangshi/en/index.htm,institutional
Matt Visser,https://homepages.ecs.vuw.ac.nz/~visser/,personal
Kevin Broughan,https://www.math.waikato.ac.nz/~kab/,institutional
