name,code,zbmath_url,wikidata,orcid,mgp,google_scholar
Ade Irma Suriajaya,suriajaya.ade-irma,https://zbmath.org/authors/suriajaya.ade-irma,,,,
Adolf Hildebrand,hildebrand.adolf-j,https://zbmath.org/authors/hildebrand.adolf-j,Q102146360,,23760,
Ahmet M. Güloğlu,guloglu.ahmet-muhtar,https://zbmath.org/authors/guloglu.ahmet-muhtar,,,,
Akash Singha Roy,roy.akash-singha,https://zbmath.org/authors/roy.akash-singha,,,,
Akshaa Vatwani,vatwani.akshaa,https://zbmath.org/authors/vatwani.akshaa,,,,
Akshat Mudgal,mudgal.akshat,https://zbmath.org/authors/mudgal.akshat,,,,
Albert A. Mullin,mullin.albert-a,https://zbmath.org/authors/mullin.albert-a,Q47530333,,,
Alberto Perelli,perelli.alberto,https://zbmath.org/authors/perelli.alberto,Q102253510,,73760,
Alessandro Gambini,gambini.alessandro,https://zbmath.org/authors/gambini.alessandro,,,,
Alessandro Languasco,languasco.alessandro,https://zbmath.org/authors/languasco.alessandro,Q102253573,0000-0003-2723-554X,73786,s4tmT7cAAAAJ
Alessandro Zaccagnini,zaccagnini.alessandro,https://zbmath.org/authors/zaccagnini.alessandro,Q102299670,,99976,
Alex Kontorovich,kontorovich.alex-v,https://zbmath.org/authors/kontorovich.alex-v,Q18616099,0000-0001-7626-8319,110727,HQQAWV8AAAAJ
Alexander Gorodnik,gorodnik.alexander,https://zbmath.org/authors/gorodnik.alexander,Q17521150,,77823,
Alexander P. Mangerel,mangerel.alexander-p,https://zbmath.org/authors/mangerel.alexander-p,,,,
Alexandra Florea,florea.alexandra-m,https://zbmath.org/authors/florea.alexandra-m,,,,
Alexandru Zaharescu,zaharescu.alexandru,https://zbmath.org/authors/zaharescu.alexandru,Q53704105,,18901,
Alina Carmen Cojocaru,cojocaru.alina-carmen,https://zbmath.org/authors/cojocaru.alina-carmen,,,,
Alina Ostafe,ostafe.alina,https://zbmath.org/authors/ostafe.alina,Q102365668,,147157,
Alisa Sedunova,sedunova.alisa,https://zbmath.org/authors/sedunova.alisa,,,,
Amos Nevo,nevo.amos,https://zbmath.org/authors/nevo.amos,Q102302778,,114743,
Andreas Weingartner,weingartner.andreas-j,https://zbmath.org/authors/weingartner.andreas-j,Q102272495,,88074,
Andrew Granville,granville.andrew-j,https://zbmath.org/authors/granville.andrew-j,Q504907,,5613,veBMlY8AAAAJ
Andrew R. Booker,booker.andrew-r,https://zbmath.org/authors/booker.andrew-r,Q85001229,,71607,
Andrés Chirre,chirre.andres,https://zbmath.org/authors/chirre.andres,,,,
Aner Shalev,shalev.aner,https://zbmath.org/authors/shalev.aner,Q775338,,43520,rwAqMRgAAAAJ
Angel Kumchev,kumchev.angel-v,https://zbmath.org/authors/kumchev.angel-v,Q102251427,,72173,
Antal Balog,balog.antal,https://zbmath.org/authors/balog.antal,,,,
Apoloniusz Tyszka,tyszka.apoloniusz,https://zbmath.org/authors/tyszka.apoloniusz,,,,
Arne Winterhof,winterhof.arne,https://zbmath.org/authors/winterhof.arne,Q102181734,,29226,e7fW5BEAAAAJ
Ayla Gafni,gafni.ayla,https://zbmath.org/authors/gafni.ayla,,0000-0003-4226-2175,,
Ben Green,green.ben,https://zbmath.org/authors/green.ben,Q792628,0000-0002-2224-1193,76979,8G6QoyMAAAAJ
Benoit Cloitre,cloitre.benoit,https://zbmath.org/authors/cloitre.benoit,,,,
Bin Chen,chen.bin.18,https://zbmath.org/authors/chen.bin.18,Q102955951,,235410,
Bruce C. Berndt,berndt.bruce-c,https://zbmath.org/authors/berndt.bruce-c,Q381343,,8571,
Bryce Kerr,kerr.bryce,https://zbmath.org/authors/kerr.bryce,,,,
Bryna Kra,kra.bryna,https://zbmath.org/authors/kra.bryna,Q995253,,39209,
C. Hooley,hooley.christopher,https://zbmath.org/authors/hooley.christopher,Q1086757,,42137,
C. Y. Yıldırım,yildirim.cem-yalcin,https://zbmath.org/authors/yildirim.cem-yalcin,Q472787,,16253,
Carl Pomerance,pomerance.carl,https://zbmath.org/authors/pomerance.carl,Q761544,0000-0002-0960-1692,5609,91BJV2YAAAAJ
Chantal David,david.chantal,https://zbmath.org/authors/david.chantal,Q41215763,,36360,
Chaohua Jia,jia.chaohua,https://zbmath.org/authors/jia.chaohua,Q102383246,,155193,
Christian Elsholtz,elsholtz.christian,https://zbmath.org/authors/elsholtz.christian,Q100725715,0000-0002-2960-4030,69154,khFr0nQAAAAJ
Christian Mauduit,mauduit.christian,https://zbmath.org/authors/mauduit.christian,Q66661713,,133972,
Ciprian Demeter,demeter.ciprian,https://zbmath.org/authors/demeter.ciprian,Q29652517,,87157,
Claus Bauer,bauer.claus,https://zbmath.org/authors/bauer.claus,,,,
D. A. Goldston,goldston.daniel-alan,https://zbmath.org/authors/goldston.daniel-alan,Q607250,,32087,
D. R. Heath-Brown,heath-brown.roger,https://zbmath.org/authors/heath-brown.roger,Q951263,0000-0002-0842-6087,70392,
Damaris Schindler,schindler.damaris,https://zbmath.org/authors/schindler.damaris,Q102423761,,185190,
Daniel Shanks,shanks.daniel-c,https://zbmath.org/authors/shanks.daniel-c,Q925184,,125100,
David Lowry-Duda,lowry-duda.david,https://zbmath.org/authors/lowry-duda.david,Q102698633,0000-0002-8543-4558,219943,NtTEmN8AAAAJ
Doychin Tolev,tolev.doychin-i,https://zbmath.org/authors/tolev.doychin-i,,,,
Efthymios Sofos,sofos.efthymios,https://zbmath.org/authors/sofos.efthymios,Q102431560,,191385,
Emanuel Carneiro,carneiro.emanuel,https://zbmath.org/authors/carneiro.emanuel,Q102350000,,134247,
Emmanuel Kowalski,kowalski.emmanuel,https://zbmath.org/authors/kowalski.emmanuel,Q15453820,,68502,
Eric Bach,bach.eric,https://zbmath.org/authors/bach.eric,,,,
Fei Xue,xue.fei.3,https://zbmath.org/authors/xue.fei.3,,,,
Florian Luca,luca.florian,https://zbmath.org/authors/luca.florian,Q20885652,0000-0003-1321-4422,40530,g-eDxl0AAAAJ
Francesco Berto,berto.francesco,https://zbmath.org/authors/berto.francesco,,0000-0003-3246-657X,,
Frank Thorne,thorne.frank,https://zbmath.org/authors/thorne.frank,Q102110364,,124226,
G. H. Hardy,hardy.godfrey-harold,https://zbmath.org/authors/hardy.godfrey-harold,Q184337,,17806,
Gautami Bhowmik,bhowmik.gautami,https://zbmath.org/authors/bhowmik.gautami,,,,
Gergely Harcos,harcos.gergely,https://zbmath.org/authors/harcos.gergely,Q59550591,,69215,
Giovanni Coppola,coppola.giovanni,https://zbmath.org/authors/coppola.giovanni,,0000-0003-2548-7719,,
Glyn Harman,harman.glyn,https://zbmath.org/authors/harman.glyn,Q5572848,,67486,
Gove Effinger,effinger.gove-w,https://zbmath.org/authors/effinger.gove-w,,,,
Grant Cairns,cairns.grant,https://zbmath.org/authors/cairns.grant,,0000-0002-9011-4567,,
Greg Martin,martin.greg,https://zbmath.org/authors/martin.greg,Q102166232,,14785,wAtebRAAAAAJ
Guang Gong,gong.guang,https://zbmath.org/authors/gong.guang,Q27996457,0000-0003-2684-9259,133861,i2vwkRMAAAAJ
Guangshi Lü,lu.guangshi,https://zbmath.org/authors/lu.guangshi,Q102399147,,165218,
H. A. Helfgott,helfgott.harald-andres,https://zbmath.org/authors/helfgott.harald-andres,Q5653809,,69999,zvGGY4wAAAAJ
H. Halberstam,halberstam.heini,https://zbmath.org/authors/halberstam.heini,Q1596236,,864,
H. J. Weber,weber.hans-j,https://zbmath.org/authors/weber.hans-j,,,,
Hao Pan,pan.hao,https://zbmath.org/authors/pan.hao,Q102307482,,108117,
Harold G. Diamond,diamond.harold-george,https://zbmath.org/authors/diamond.harold-george,Q102116359,,9738,
Helmut Maier,maier.helmut,https://zbmath.org/authors/maier.helmut,Q5709706,,2440,
Henryk Iwaniec,iwaniec.henryk,https://zbmath.org/authors/iwaniec.henryk,Q370944,,6181,
Herman te Riele,te-riele.herman,https://zbmath.org/authors/te-riele.herman,Q454904,,46080,
Hiroshi Mikawa,mikawa.hiroshi,https://zbmath.org/authors/mikawa.hiroshi,,,,
Hugh L. Montgomery,montgomery.hugh-l,https://zbmath.org/authors/montgomery.hugh-l,Q740818,,7744,
Hung M. Bui,bui.hung-manh,https://zbmath.org/authors/bui.hung-manh,Q102348915,,133418,
Hywel C Williams,williams.hywel-c,https://zbmath.org/authors/williams.hywel-c,,,,
Igor E. Shparlinski,shparlinski.igor-e,https://zbmath.org/authors/shparlinski.igor-e,Q15436834,0000-0002-5246-9391,197028,9WgmUesAAAAJ
Ilya D. Shkredov,shkredov.ilya-d,https://zbmath.org/authors/shkredov.ilya-d,Q30345007,0000-0002-6445-8390,213045,
Imre Kátai,katai.imre,https://zbmath.org/authors/katai.imre,Q1123718,,141370,M-QN2oEAAAAJ
Imre Z. Ruzsa,ruzsa.imre-z,https://zbmath.org/authors/ruzsa.imre-z,Q1251999,,343335,
J. E. Littlewood,littlewood.john-edensor,https://zbmath.org/authors/littlewood.john-edensor,Q353426,,10463,
J. P. Keating,keating.jonathan-p,https://zbmath.org/authors/keating.jonathan-p,Q15455501,,100095,
James Maynard,maynard.james,https://zbmath.org/authors/maynard.james,Q19655060,0000-0001-5782-7082,178890,gGJm5OIAAAAJ
Jan Moser,mozer.jan,https://zbmath.org/authors/mozer.jan,,,,
Jan-Christoph Schlage-Puchta,schlage-puchta.jan-christoph,https://zbmath.org/authors/schlage-puchta.jan-christoph,,,,
Janos Pintz,pintz.janos,https://zbmath.org/authors/pintz.janos,Q963230,,174063,
Jared Duker Lichtman,lichtman.jared-duker,https://zbmath.org/authors/lichtman.jared-duker,Q123240478,0000-0002-8303-5051,301618,SI0IDlgAAAAJ
Jean Bourgain,bourgain.jean,https://zbmath.org/authors/bourgain.jean,Q260802,,63054,
Jean‐Marc Deshouillers,deshouillers.jean-marc,https://zbmath.org/authors/deshouillers.jean-marc,Q1323950,,62381,
Jerico B. Bacani,bacani.jerico-b,https://zbmath.org/authors/bacani.jerico-b,Q102410716,,175848,
Jerzy Kaczorowski,kaczorowski.jerzy,https://zbmath.org/authors/kaczorowski.jerzy,Q24429791,,156997,
Jesse Thorner,thorner.jesse,https://zbmath.org/authors/thorner.jesse,,,,
Jianya Liu,liu.jianya,https://zbmath.org/authors/liu.jianya,Q102350017,,134263,
Jie Wu,wu.jie.1,https://zbmath.org/authors/wu.jie.1,Q102382580,,154930,
Jinjiang Li,li.jinjiang,https://zbmath.org/authors/li.jinjiang,,,,
John Friedlander,friedlander.john-b,https://zbmath.org/authors/friedlander.john-b,Q470462,,17254,
John W. Wrench,wrench.john-w-jun,https://zbmath.org/authors/wrench.john-w-jun,Q6264951,,42955,
Joni Teräväinen,teravainen.joni,https://zbmath.org/authors/teravainen.joni,Q102995443,,238884,tRjKH2sAAAAJ
Jori Merikoski,merikoski.jori,https://zbmath.org/authors/merikoski.jori,,,,
Joël Rivat,rivat.joel,https://zbmath.org/authors/rivat.joel,Q102402368,,167770,
Julia Brandes,brandes.julia,https://zbmath.org/authors/brandes.julia,Q102618198,,214202,
Jörg Brüdern,brudern.jorg,https://zbmath.org/authors/brudern.jorg,Q1122696,,26090,
K. Soundararajan,soundararajan.kannan,https://zbmath.org/authors/soundararajan.kannan,Q1356865,0000-0002-7595-0700,53166,sICqWrcAAAAJ
Kaisa Matomäki,matomaki.kaisa,https://zbmath.org/authors/matomaki.kaisa,Q27061623,,143470,qInWbTIAAAAJ
Karin Halupczok,halupczok.karin,https://zbmath.org/authors/halupczok.karin,,,,
Keiji Oguiso,oguiso.keiji,https://zbmath.org/authors/oguiso.keiji,Q102429185,,189365,
Kevin Broughan,broughan.kevin-a,https://zbmath.org/authors/broughan.kevin-a,,,,
Kevin Ford,ford.kevin-b,https://zbmath.org/authors/ford.kevin-b,Q48969701,,867,
Kevin Hughes,hughes.kevin,https://zbmath.org/authors/hughes.kevin,Q102407902,0000-0002-8621-8259,173178,
Kohji Matsumoto,matsumoto.kohji,https://zbmath.org/authors/matsumoto.kohji,Q6426011,,144727,
Koichi Kawada,kawada.koichi,https://zbmath.org/authors/kawada.koichi,,,,
Kyle Pratt,pratt.kyle,https://zbmath.org/authors/pratt.kyle,,,,
L. Carlitz,carlitz.leonard,https://zbmath.org/authors/carlitz.leonard,Q381322,,20327,
Lasse Grimmelt,grimmelt.lasse,https://zbmath.org/authors/grimmelt.lasse,,,,
Lawrence S. Levy,levy.lawrence-s,https://zbmath.org/authors/levy.lawrence-s,,,,
Leo Goldmakher,goldmakher.leo,https://zbmath.org/authors/goldmakher.leo,Q102355457,,138920,
Liangyi Zhao,zhao.liangyi,https://zbmath.org/authors/zhao.liangyi,,,,
Lior Bary-Soroker,bary-soroker.lior,https://zbmath.org/authors/bary-soroker.lior,Q102347717,,132345,
M. Ram Murty,murty.maruti-ram,https://zbmath.org/authors/murty.maruti-ram,Q470508,,30592,
Maksym Radziwiłł,radziwill.maksym,https://zbmath.org/authors/radziwill.maksym,Q27061958,,177066,
Malik Bataineh,bataineh.malik,https://zbmath.org/authors/bataineh.malik,,,,
Marek Wolf,wolf.marek,https://zbmath.org/authors/wolf.marek,,,,
Matt Visser,visser.matt,https://zbmath.org/authors/visser.matt,Q6789473,0000-0003-1088-6485,195970,uYKUPTwAAAAJ
Matteo Bordignon,bordignon.matteo,https://zbmath.org/authors/bordignon.matteo,,,,
Maxim Aleksandrovich Korolev,korolev.maxim-a,https://zbmath.org/authors/korolev.maxim-a,Q55102661,,88419,
Melvyn B. Nathanson,nathanson.melvyn-bernard,https://zbmath.org/authors/nathanson.melvyn-bernard,Q15433045,0000-0002-6191-9374,5981,jvRZiKcAAAAJ
Micah B. Milinovich,milinovich.micah-b,https://zbmath.org/authors/milinovich.micah-b,Q102348916,,133419,
Michael Th. Rassias,rassias.michael-th,https://zbmath.org/authors/rassias.michael-th,Q50104145,,185189,Bfdy0JYAAAAJ
Min Zhang,zhang.min.1,https://zbmath.org/authors/zhang.min.1,,,303886,
Moubariz Z. Garaev,garaev.moubariz-z,https://zbmath.org/authors/garaev.moubariz-z,Q102266552,,83360,
N. A. Carella,carella.nelson-a,https://zbmath.org/authors/carella.nelson-a,,,,
N. A. Vavilov,vavilov.nikolai-a,https://zbmath.org/authors/vavilov.nikolai-a,Q92982933,,114566,
Neal Koblitz,koblitz.neal-i,https://zbmath.org/authors/koblitz.neal-i,Q931472,0000-0003-3309-7366,28312,91SnzX0AAAAJ
Nicolas Robles,robles.nicolas,https://zbmath.org/authors/robles.nicolas,,,,
Ofir Gorodetsky,gorodetsky.ofir,https://zbmath.org/authors/gorodetsky.ofir,,0000-0002-1435-9650,270233,uZ8fQI8AAAAJ
Olivier Ramaré,ramare.olivier,https://zbmath.org/authors/ramare.olivier,Q3292746,0000-0002-8765-0465,79779,
Paul Pollack,pollack.paul,https://zbmath.org/authors/pollack.paul,Q112521209,0000-0002-4327-5560,130567,
Paul T. Bateman,bateman.paul-t,https://zbmath.org/authors/bateman.paul-t,Q1395517,,5649,
Peter Sarnak,sarnak.peter-c,https://zbmath.org/authors/sarnak.peter-c,Q1384983,,8361,
Ph. Michel,michel.philippe,https://zbmath.org/authors/michel.philippe,Q21191091,,209826,
Philippe Sainty,sainty.philippe,https://zbmath.org/authors/sainty.philippe,,,,
Pieter Moree,moree.pieter,https://zbmath.org/authors/moree.pieter,Q16196168,,46000,
Ping Xi,xi.ping,https://zbmath.org/authors/xi.ping,Q102428326,,188697,
Pär Kurlberg,kurlberg.par,https://zbmath.org/authors/kurlberg.par,,,,
R. C. Vaughan,vaughan.robert-c,https://zbmath.org/authors/vaughan.robert-c,Q1531312,,27012,
Rainer Dietmann,dietmann.rainer,https://zbmath.org/authors/dietmann.rainer,Q102363618,,145097,
Richard P. Brent,brent.richard-peirce,https://zbmath.org/authors/brent.richard-peirce,Q93042,0000-0002-8495-7437,46405,TRcAF4cAAAAJ
Robert J. Lemke Oliver,lemke-oliver.robert-j,https://zbmath.org/authors/lemke-oliver.robert-j,Q102407198,,172476,yKGD9ggAAAAJ
Roger Baker,baker.roger-c,https://zbmath.org/authors/baker.roger-c,Q102115286,,879,
S. Gurak,gurak.stanley-j,https://zbmath.org/authors/gurak.stanley-j,,,,
S. I. Dimitrov,dimitrov.stoyan-ivanov,https://zbmath.org/authors/dimitrov.stoyan-ivanov,,,,
S. W. Graham,graham.sidney-w,https://zbmath.org/authors/graham.sidney-w,Q289450,,7249,
Saburô Uchiyama,uchiyama.saburo,https://zbmath.org/authors/uchiyama.saburo,Q102370230,,150696,
Shuntaro Yamagishi,yamagishi.shuntaro,https://zbmath.org/authors/yamagishi.shuntaro,,,,
Simon L. Rydin Myerson,rydin-myerson.simon-l,https://zbmath.org/authors/rydin-myerson.simon-l,,,,
Solomon W. Golomb,golomb.solomon-w,https://zbmath.org/authors/golomb.solomon-w,Q1398547,,12977,
Stephan Baier,baier.stephan,https://zbmath.org/authors/baier.stephan,Q102232439,,58359,
Stephan Ramon Garcia,garcia.stephan-ramon,https://zbmath.org/authors/garcia.stephan-ramon,Q85851977,,114471,LlK9Cu4AAAAJ
Stephen Lester,lester.stephen-j,https://zbmath.org/authors/lester.stephen-j,Q102409283,0000-0003-1977-9205,174534,5hFKra4AAAAJ
Steven J. Miller,miller.steven-j,https://zbmath.org/authors/miller.steven-j,Q20657339,,59198,5B8RWrkAAAAJ
T. L. Todorova,todorova.tatyana-l,https://zbmath.org/authors/todorova.tatyana-l,,,,
Tamar Ziegler,ziegler.tamar,https://zbmath.org/authors/ziegler.tamar,Q6635951,,92267,VtyTYdQAAAAJ
Tao Zhan,zhan.tao,https://zbmath.org/authors/zhan.tao,Q8070120,,129808,
Terence Tao,tao.terence-c,https://zbmath.org/authors/tao.terence-c,Q295981,0000-0002-0140-7641,43967,TFx_gLQAAAAJ
Theresa C. Anderson,anderson.theresa-c,https://zbmath.org/authors/anderson.theresa-c,,,,
Tianxin Cai,cai.tianxin,https://zbmath.org/authors/cai.tianxin,Q94501358,,134256,
Tianze Wang,wang.tianze,https://zbmath.org/authors/wang.tianze,,,,
Tim Browning,browning.timothy-daniel,https://zbmath.org/authors/browning.timothy-daniel,Q7807081,,70403,
Todd Cochrane,cochrane.todd,https://zbmath.org/authors/cochrane.todd,,,,
Trevor D. Wooley,wooley.trevor-d,https://zbmath.org/authors/wooley.trevor-d,Q451701,,7931,PC3eS9wAAAAJ
Tristan Freiberg,freiberg.tristan,https://zbmath.org/authors/freiberg.tristan,Q102392860,,160180,
Tsz Ho Chan,chan.tsz-ho,https://zbmath.org/authors/chan.tsz-ho,Q102247662,0000-0001-8553-1633,68935,
Valentin Blomer,blomer.valentin,https://zbmath.org/authors/blomer.valentin,Q2508239,,70713,
Victor Z. Guo,guo.victor-zhenyu,https://zbmath.org/authors/guo.victor-zhenyu,,,,
Vivian Kuperberg,kuperberg.vivian,https://zbmath.org/authors/kuperberg.vivian,,,,
Wenguang Zhai,zhai.wenguang,https://zbmath.org/authors/zhai.wenguang,Q102350020,,134265,
Will Sawin,sawin.william-f,https://zbmath.org/authors/sawin.william-f,Q61677722,,209569,
William D. Banks,banks.william-d,https://zbmath.org/authors/banks.william-d,Q102194638,0000-0002-3595-6331,39159,
Winfried Kohnen,kohnen.winfried,https://zbmath.org/authors/kohnen.winfried,Q1273516,,23845,
Xiaohu Tang,tang.xiaohu,https://zbmath.org/authors/tang.xiaohu,,0000-0002-7938-7812,,nbG1tz0AAAAJ
Xiumin Ren,ren.xiumin,https://zbmath.org/authors/ren.xiumin,,,,
Xuancheng Shao,shao.xuancheng,https://zbmath.org/authors/shao.xuancheng,Q102424735,,185998,
Yoichi Motohashi,motohashi.yoichi,https://zbmath.org/authors/motohashi.yoichi,Q16915573,,,
Yuta Suzuki,suzuki.yuta,https://zbmath.org/authors/suzuki.yuta,Q103092632,,246067,
Zeév Rudnick,rudnick.zeev,https://zbmath.org/authors/rudnick.zeev,Q184424,,39038,
Zhi-Wei Sun,sun.zhi-wei,https://zbmath.org/authors/sun.zhi-wei,Q896489,0000-0002-0130-9806,108091,gL3jeH4AAAAJ
Zhizhong Huang,huang.zhizhong,https://zbmath.org/authors/huang.zhizhong,Q102730498,,222258,
Étienne Fouvry,fouvry.etienne,https://zbmath.org/authors/fouvry.etienne,Q289615,,70016,
Владимир Николаевич Чубариков,chubarikov.vladimir-nikolaevich,https://zbmath.org/authors/chubarikov.vladimir-nikolaevich,Q4517362,,83359,
